Time (s),ESC (µs),Servo (µs),Torque (N·m),Thrust (N),Voltage (V),Current (A),Motor Optical Speed (RPM),Electrical Power (W),Mechanical Power (W),Motor Efficiency (%),Propeller Mech. Efficiency (N/W),Overall Efficiency (N/W),4N76 Temp (ºC),App message,TargetRPM,Change,Integral,P,I,D,kp,ki,kd,Mark,
9.892149999999907,1338.0200000000123,,-0.02851094928773179,0.01704392993782586,29.94292075694002,0.023228806553509784,2809,0.6955383139100325,8.387160167975695,1205.8516404116554,0.0020321455172519426,0.024504660055334467,25.5625,,3000,1,1000,0.4925000000000001,0.025,-0.01,0.10000000000000002,0.001,0.01,0,
0,1150,,-0.028376444768879572,0.018108442627649234,29.942950859640497,0.0230288719412981,2813,0.6895523808912429,8.35912357544946,1212.2536020607074,0.00216630876002758,0.02626115597519099,25.5625,,3000,1,1000,0.4925000000000001,0.025,-0.01,0.10000000000000002,0.001,0.01,0,
