Time (s),ESC (µs),Servo (µs),Torque (N·m),Thrust (N),Voltage (V),Current (A),Motor Optical Speed (RPM),Electrical Power (W),Mechanical Power (W),Motor Efficiency (%),Propeller Mech. Efficiency (N/W),Overall Efficiency (N/W),4N76 Temp (ºC),App message,TargetRPM,Change,Integral,P,I,D,kp,ki,kd,Mark,
0,1150,,-0.0182363327004339,0.22290680713839903,30.00806447648182,-1.2433091465426975,0,37.30930103365285,0,0,0,0,24.9375,,2000,0,0,0,0,0,0.10000000000000002,0.001,0.01,0,
0.02748499999998603,1150,,-0.018216717483134526,0.22192353427366432,30.006478118222518,-1.2426467320112602,0,37.2874519727766,0,0,0,0,24.9375,,2000,0,0,0,0,0,0.10000000000000002,0.001,0.01,0,
0,1150,,-0.018187320266201845,0.2223440524484915,30.008303330291938,-1.242299649871894,0,37.27930472047126,0,0,0,0,24.9375,,2000,0,0,0,0,0,0.10000000000000002,0.001,0.01,0,
0.05467000000004191,1150,,-0.01826606039479889,0.22119695839627995,30.005366183843343,-1.2416934892445386,0,37.25746783287653,0,0,0,0,24.9375,,2000,0,0,0,0,0,0.10000000000000002,0.001,0.01,0,
0.08403999999997905,1150,,-0.01831529796009057,0.2208439240991747,30.00466211769411,-1.2404078141517458,0,37.21801735177065,0,0,0,0,24.9375,,2000,0,0,0,0,0,0.10000000000000002,0.001,0.01,0,
0.1105449999999837,1150,,-0.018362693516860373,0.22049223798258177,30.004439413099323,-1.2422635851807282,0,37.27342247665471,0,0,0,0,24.9375,,2000,0,0,0,0,0,0.10000000000000002,0.001,0.01,0,
0.13596499999996742,1150,,-0.018352512283770217,0.2203818056202081,30.005938937603304,-1.2422464761980785,0,37.27477191025242,0,0,0,0,24.9375,,2000,0,0,0,0,0,0.10000000000000002,0.001,0.01,0,
